{"cameraMode":{"drawMode":0,"name":"Shaded","section":"Shading Mode"},"sceneLighting":true,"audioPlay":false,"sceneViewState":{"showFog":true,"showMaterialUpdate":true,"showSkybox":true,"showFlares":true,"showImageEffects":true,"showParticleSystems":true},"in2DMode":false,"pivot":{"x":-0.5347545146942139,"y":2.5711772441864015,"z":-0.9278537034988403},"rotation":{"x":-0.11375103890895844,"y":0.006568545009940863,"z":-0.0007520418730564415,"w":-0.9934884309768677},"size":1.8707826137542725,"orthographic":false}