{"cameraMode":{"drawMode":0,"name":"Shaded","section":"Shading Mode"},"sceneLighting":true,"audioPlay":false,"sceneViewState":{"showFog":true,"showMaterialUpdate":true,"showSkybox":true,"showFlares":true,"showImageEffects":true,"showParticleSystems":true},"in2DMode":false,"pivot":{"x":381.85589599609377,"y":10.326416015625,"z":-173.29684448242188},"rotation":{"x":-0.11459484696388245,"y":-0.24411875009536744,"z":0.029064422473311425,"w":-0.9625137448310852},"size":307.0791320800781,"orthographic":false}