{"cameraMode":{"drawMode":0,"name":"Shaded","section":"Shading Mode"},"sceneLighting":true,"audioPlay":false,"sceneViewState":{"showFog":true,"showMaterialUpdate":true,"showSkybox":true,"showFlares":true,"showImageEffects":true,"showParticleSystems":true},"in2DMode":false,"pivot":{"x":1.217581033706665,"y":1.6812061071395875,"z":1.4402137994766236},"rotation":{"x":-0.12140695750713349,"y":0.8461160659790039,"z":-0.21813295781612397,"w":-0.47093772888183596},"size":1.712700366973877,"orthographic":true}